[
  {
    "id": "36c16527-12f2-427b-b3d5-8f041e7bdcec",
    "data": [
      {
        "text": "who is the honorary chairman of kiet college?",
        "userDefined": false
      }
    ],
    "isTemplate": false,
    "count": 0,
    "lang": "en",
    "updated": 0
  },
  {
    "id": "6f02e391-70ab-4347-9621-3ac5f365f3f6",
    "data": [
      {
        "text": "who is the founder of kiet college?",
        "userDefined": false
      }
    ],
    "isTemplate": false,
    "count": 0,
    "lang": "en",
    "updated": 0
  }
]