[
  {
    "id": "8820c2f6-405f-44d7-813c-156bf5dc616d",
    "data": [
      {
        "text": "is there any library\u003e",
        "userDefined": false
      }
    ],
    "isTemplate": false,
    "count": 0,
    "lang": "en",
    "updated": 0
  },
  {
    "id": "427c978c-638b-4815-b685-ba6167927b62",
    "data": [
      {
        "text": "what about kiet college infrastructure?",
        "userDefined": false
      }
    ],
    "isTemplate": false,
    "count": 0,
    "lang": "en",
    "updated": 0
  }
]